{
  "image_encoding": {
    "mean": 227.96778678894043,
    "std": 7.653495475804355
  },
  "prediction": {
    "mean": 7.651419639587402,
    "std": 4.0806062757405055
  }
}